{
  "ktoken_balance_186860864219906048": {
    "value": 800,
    "time_based": false,
    "saved_at": null
  },
  "ktoken_balance_170479538151751682": {
    "value": 8515,
    "time_based": false,
    "saved_at": null
  },
  "ktoken_balance_239072925137895424": {
    "value": 5555,
    "time_based": false,
    "saved_at": null
  },
  "ktoken_balance_217668205597032448": {
    "value": 0,
    "time_based": false,
    "saved_at": null
  },
  "ktoken_balance_125527478595878912": {
    "value": 0,
    "time_based": false,
    "saved_at": null
  },
  "ktoken_balance_279843819971674112": {
    "value": 5555,
    "time_based": false,
    "saved_at": null
  },
  "ktoken_balance_332920035066511362": {
    "value": 5555,
    "time_based": false,
    "saved_at": null
  },
  "ktoken_balance_250264560554999808": {
    "value": 1035,
    "time_based": false,
    "saved_at": null
  },
  "512550572864307222_deleted": {
    "value": [
      [
        170479538151751682,
        "/k\\",
        "kringbot-spam",
        1744006830.3,
        1744006839.1544926
      ],
      [
        186860864219906048,
        "godgab u can help wingman me and ask someone out",
        "random",
        1744007059.432,
        1744007064.989879
      ]
    ],
    "time_based": false,
    "saved_at": null
  },
  "512550572864307222_edited": {
    "value": [
      [
        239072925137895424,
        1358992597569376337,
        "digipen-state-of-mind",
        "wait game balancing, damn rigging the slot machines?",
        [
          [
            1744079501.555352,
            "wait game balancing, rigging the slot machines for more pay out?"
          ]
        ]
      ],
      [
        239072925137895424,
        1358708324086059119,
        "digipen-state-of-mind",
        "with displaying your shoe in your opaque cabinet?",
        [
          [
            1744011720.3043997,
            "with displaying your shoes in your opaque cabinet?"
          ]
        ]
      ],
      [
        239072925137895424,
        1358628668619882659,
        "kringbot-spam",
        "damn apolo K tokens time to extend kai jun's time",
        [
          [
            1743992727.3575265,
            "damn apolo K tokens, time to extend kai jun's time"
          ]
        ]
      ],
      [
        250264560554999808,
        1358991136252887234,
        "random",
        "<@217668205597032448> a kWing",
        [
          [
            1744079139.1884675,
            "<@217668205597032448> a kWinG"
          ]
        ]
      ],
      [
        250264560554999808,
        1358690610155884615,
        "random",
        "i decide i dont have a game jon",
        [
          [
            1744007489.1374202,
            "i decide i dont have a game job"
          ]
        ]
      ],
      [
        250264560554999808,
        1358685513208561736,
        "kringbot-spam",
        "sho orange and shof",
        [
          [
            1744006273.986864,
            "sho orange and shoft"
          ]
        ]
      ],
      [
        250264560554999808,
        1358631269939806411,
        "kringbot-spam",
        "Can you give me a compelling argument to give u more tokens <@170479538151751682>",
        [
          [
            1743993347.8108768,
            "Can you give me a compelling argument to give u more tokens <@170479538151751682>?"
          ]
        ]
      ]
    ],
    "time_based": false,
    "saved_at": null
  },
  "ktoken_claim_cd_170479538151751682": {
    "value": 0,
    "time_based": true,
    "saved_at": 1744080543.2355037
  },
  "daily_img_cd_170479538151751682": {
    "value": 0,
    "time_based": true,
    "saved_at": 1744080543.2355037
  },
  "ktoken_claim_cd_125527478595878912": {
    "value": 2203.3249583244324,
    "time_based": true,
    "saved_at": 1744080543.2355037
  },
  "kringpic_img_cd_170479538151751682": {
    "value": 0,
    "time_based": true,
    "saved_at": 1744080543.2355037
  },
  "kringpic_img_cd_250264560554999808": {
    "value": 0,
    "time_based": true,
    "saved_at": 1744080543.2355037
  },
  "daily_img_cd_217668205597032448": {
    "value": 0,
    "time_based": true,
    "saved_at": 1744080543.2355037
  },
  "ktoken_claim_cd_186860864219906048": {
    "value": 2214.3650307655334,
    "time_based": true,
    "saved_at": 1744080543.2355037
  },
  "ktoken_claim_cd_250264560554999808": {
    "value": 2358.034307718277,
    "time_based": true,
    "saved_at": 1744080543.2355037
  },
  "daily_img_cd_125527478595878912": {
    "value": 0,
    "time_based": true,
    "saved_at": 1744080543.2355037
  },
  "ktoken_claim_cd_217668205597032448": {
    "value": 2339.7540051937103,
    "time_based": true,
    "saved_at": 1744080543.2355037
  },
  "daily_img_cd_250264560554999808": {
    "value": 0,
    "time_based": true,
    "saved_at": 1744080543.2355037
  }
}